company_name,pipeline_asset_count,marketed_asset_count,track_priority,notes
Pfizer,20,1,Yes - shortlist,"Tanezumab - anti-NGF, largest historical OA pain program (FDA rejected 2021); watch for any revival/partner-out"
Eli Lilly and Company,15,0,Yes - shortlist,"Retatrutide, orforglipron, eloralintide, LY4065967 - active Phase 2/3 GLP-1/amylin programs targeting OA via weight loss"
Novartis Pharmaceuticals,12,0,Yes - shortlist,"LNA043 - cartilage regeneration/structural DMOAD candidate, active"
"Pacira Pharmaceuticals, Inc",9,1,Yes - shortlist,Markets Zilretta (marketed) + PCRX-201 gene therapy in development - both marketed and pipeline exposure
Purdue Pharma LP,10,0,,
"Johnson & Johnson Pharmaceutical Research & Development, L.L.C.",9,0,Yes - shortlist,Multiple active Phase 3 OA programs
Boehringer Ingelheim,9,0,Yes - shortlist,Markets Mobic; active pipeline history
Merck Sharp & Dohme LLC,8,0,Yes - shortlist,"Active pipeline history, multiple trials"
GlaxoSmithKline,8,0,Yes - shortlist,"Active pipeline, multiple trials"
"PMG Pharm Co., Ltd",7,1,,
Sanofi,6,0,,
AstraZeneca,6,0,Yes - shortlist,"Active pipeline, multiple trials"
Organon and Co,6,0,Yes - shortlist,Legacy Merck OA compounds spun off; active Phase 3 trials
Pfizer's Upjohn has merged with Mylan to form Viatris Inc.,6,0,,
Shanghai AbelZeta Ltd.,5,0,,
Nordic Bioscience A/S,5,0,,
"Noven Pharmaceuticals, Inc.",5,0,,
Eurofarma Laboratorios S.A.,5,0,,
Ampio Pharmaceuticals. Inc.,5,0,,
"Yooyoung Pharmaceutical Co., Ltd.",5,0,,
"Genzyme, a Sanofi Company",5,0,,
POZEN,4,1,,
Addpharma Inc.,4,0,,
Grünenthal GmbH,4,0,Yes - shortlist,"Pain-focused specialty pharma, active OA programs"
PT. Prodia Stem Cell Indonesia,4,0,,
Medipost Co Ltd.,4,0,,
Amgen,4,0,,
TRB Chemedica,4,0,,
Taiwan Liposome Company,4,0,,
Laboratoires NEGMA,4,0,,
"Jiangsu HengRui Medicine Co., Ltd.",4,0,,
Ache Laboratorios Farmaceuticos S.A.,4,0,,
Centrexion Therapeutics,4,0,Yes - shortlist,CNTX-4975 (trans-capsaicin) - clinical-stage non-opioid OA pain candidate
"Daewon Pharmaceutical Co., Ltd.",4,0,,
Mallinckrodt,3,1,,
ZARS Pharma Inc.,4,0,,
Novo Nordisk A/S,3,0,Yes - shortlist,"NNC0487-0111 - active Phase 3, GLP-1-adjacent OA program"
Active Implants,3,0,,
Amzell,3,0,,
"ZetrOZ, Inc.",3,0,,
Chong Kun Dang Pharmaceutical,3,0,,
"Shandong Suncadia Medicine Co., Ltd.",3,0,,
Lipogems International spa,3,0,,
Nucitec,3,0,,
"Janssen Research & Development, LLC",3,0,,
Healeon Medical Inc,3,0,,
Kolon Life Science,3,0,,
Propella Therapeutics,3,0,,
"Tianjin XinChen-Techfields Pharma Co., LTD.",3,0,,
Regeneron Pharmaceuticals,3,0,Yes - shortlist,Fasinumab - anti-NGF (partnered historically w/ Teva/Mitsubishi Tanabe)
"SK Chemicals Co., Ltd.",2,1,,
Pure Green,3,0,,
"Cubist Pharmaceuticals LLC, a subsidiary of Merck & Co., Inc. (Rahway, New Jersey USA)",3,0,,
"Tris Pharma, Inc.",3,0,,
OliPass Australia Pty Ltd,3,0,,
Institute of Cell Therapy,3,0,,
"AbbVie (prior sponsor, Abbott)",3,0,,
Mundipharma Research GmbH & Co KG,3,0,,
"CDA Research Group, Inc.",3,0,,
Translational Biosciences,3,0,,
Dr. Reddy's Laboratories Limited,3,0,,
Novartis,3,0,Yes - shortlist,See Novartis Pharmaceuticals
"Apimeds, Inc.",3,0,,
Bioiberica,3,0,,
Menarini Group,3,0,,
"Janssen Korea, Ltd., Korea",3,0,,
Janssen Pharmaceutica,3,0,,
Janssen Pharmaceutical K.K.,3,0,,
Labopharm Inc.,3,0,,
Abbott,3,0,,
IDEA AG,3,0,,
Wyeth is now a wholly owned subsidiary of Pfizer,3,0,,
"Asclemed USA, Inc.",0,3,,
Mylan Pharmaceuticals Inc.,0,3,,
Pharmacia & Upjohn Company LLC,0,3,,
A-S Medication Solutions,0,3,,
"Kolon TissueGene, Inc.",2,0,Yes - shortlist,"TG-C (Invossa) - cell/gene therapy, notable regulatory history worth tracking"
"Medipost, Inc.",2,0,,
Nature Cell Co. Ltd.,2,0,,
R-Bio,2,0,,
"Jiangsu Aosaikang Pharmaceutical Co., Ltd.",2,0,,
4Moving Biotech,2,0,,
Saol Therapeutics Inc,2,0,,
DuoGenic StemCells Corporation (DGSC),2,0,,
Paradigm Biopharmaceuticals Ltd.,2,0,,
Paradigm Biopharmaceuticals USA (INC),2,0,,
Laboratorios Liomont,2,0,,
"Cellontech Co., Ltd.",2,0,,
Nova Vita Laboratory,2,0,,
Taisho Pharmaceutical Indonesia,2,0,,
"OrthoTrophix, Inc",2,0,,
LG Chem,2,0,,
Wuxi Cellular Biopharmaceutical Group Ltd.,2,0,,
"VivaTech International, Inc.",2,0,,
"Mather's Pharm. Co., Ltd.",2,0,,
ArthroBiologix Inc.,2,0,,
TBF Genie Tissulaire,2,0,,
Genascence Corporation,2,0,Yes - shortlist,"GNSC-001 - IL-1Ra gene therapy for knee OA, active Phase 1"
"CAR-T (Shanghai) Biotechnology Co., Ltd.",2,0,,
"Kunming Baker Norton Pharmaceutical Sales Co., Ltd.",2,0,,
Laboratorios Silanes S.A. de C.V.,2,0,,
"iN Therapeutics Co., Ltd.",2,0,,
ACADIA Pharmaceuticals Inc.,2,0,,
Sao Thai Duong Joint Stock Company,2,0,,
QC Kinetix LLC,2,0,,
"Daehwa Pharmaceutical Co., Ltd.",2,0,,
ZYUS Life Sciences Inc.,2,0,,
Rion Inc.,2,0,,
Ensol Bioscience,2,0,,
Shin Poong Pharmaceutical Co. Ltd.,2,0,,
"Anika Therapeutics, Inc.",2,0,,
Apsen Farmaceutica S.A.,2,0,,
"CrystalGenomics, Inc.",2,0,,
"Sorrento Therapeutics, Inc.",1,1,,
Antibe Therapeutics Inc.,2,0,,
Bioventus LLC,2,0,,
"Regenexx, LLC",2,0,,
Bone Therapeutics S.A,2,0,,
"Teva Branded Pharmaceutical Products R&D, Inc.",2,0,,
"Taisho Pharmaceutical Co., Ltd.",2,0,,
"Dong-A ST Co., Ltd.",2,0,,
"Merck KGaA, Darmstadt, Germany",2,0,,
"Sucampo Pharma Americas, LLC",2,0,,
"Hanlim Pharm. Co., Ltd.",2,0,,
"Afferent Pharmaceuticals, Inc., a subsidiary of Merck & Co., Inc. (Rahway, New Jersey USA)",2,0,,
Yuhan Corporation,2,0,,
"Endo USA Inc., a Keenova Therapeutics Company",2,0,,
Napp Pharmaceuticals Limited,2,0,,
BioDelivery Sciences International,2,0,,
"Mesoblast, Ltd.",2,0,,
"Biosolution Co., Ltd.",2,0,,
"Huons Co., Ltd.",2,0,,
Allergan,2,0,,
Sandoz,2,0,,
Mundipharma AB,2,0,,
Stempeutics Research Pvt Ltd,2,0,,
LG Life Sciences,2,0,,
"Transdermal Therapeutics, Inc.",2,0,,
Guizhou Bailing Group Pharmaceutical Co Ltd,2,0,,
Baxter Healthcare Corporation,2,0,,
"Janssen Pharmaceutica N.V., Belgium",2,0,,
Green Cross Corporation,1,1,,
"Dong-A Pharmaceutical Co., Ltd.",2,0,,
"Alza Corporation, DE, USA",2,0,,
Stryker Biotech,2,0,,
Logical Therapeutics,2,0,,
Mantecorp Industria Quimica e Farmaceutica Ltd.,2,0,,
"E.R. Squibb & Sons, L.L.C.",0,2,,
Proficient Rx LP,0,2,,
"CarthroniX, Inc.",1,0,,
Axolotl Biologix,1,0,,
"Hangzhou Sciwind Biosciences Co., Ltd.",1,0,,
"Overseas Pharmaceuticals, Ltd.",1,0,,
"Fujian Shengdi Pharmaceutical Co., Ltd.",1,0,,
CellSeed Inc.,1,0,,
Taiwan Bio Therapeutics Inc.,1,0,,
KAZM Pharmaceuticals Inc.,1,0,,
Enlivex Therapeutics Ltd.,1,0,,
"PharmaResearch Co.,Ltd",1,0,,
Doron Therapeutics Inc.,1,0,,
Organogenesis,1,0,,
Cellcolabs Clinical SPV Limited,1,0,,
TricelX Inc.,1,0,,
"Biosplice Therapeutics, Inc.",1,0,Yes - shortlist,"Lorecivivint (SM04690) - leading Wnt-pathway DMOAD candidate, Phase 3"
Avidence Therapeutics,1,0,,
ICM Biotech Australia Pty Ltd.,1,0,,
ICM Co. Ltd.,1,0,,
Contineum Therapeutics,1,0,,
CrannMed,1,0,,
Halyard Health,1,0,,
"InGeneron, Inc.",1,0,,
"Merit Medical Systems, Inc.",1,0,,
Synartro AB,1,0,,
RegenLab France SAS,1,0,,
"DALIM TISSEN Co., Ltd.",1,0,,
"Akorn, Inc.",1,0,,
"Amneal Pharmaceuticals, LLC",1,0,,
HALEON,1,0,,
Tanabe Pharma Corporation,1,0,,
Cytonics Corporation,1,0,,
"Sclnow Biotechnology Co., Ltd.",1,0,,
UnicoCell Biomed CO. LTD,1,0,,
Levicept,1,0,Yes - shortlist,"LEVI-04 - anti-NGF/p75 receptor fusion, differentiated mechanism vs. tanezumab/fasinumab"
"Belief BioMed (Beijing) Co., Ltd",1,0,,
"Immunis, Inc.",1,0,,
Hope Biosciences Research Foundation,1,0,,
Scarcell Therapeutics S.A.S.,1,0,,
"Anterogen Co., Ltd.",1,0,,
"BioTissue Holdings, Inc",1,0,,
"Ageless Biotech, Inc.",1,0,,
Magellan Stem Cells,1,0,,
Xindu Pty Ltd,1,0,,
"Nuwacell Biotechnologies Co., Ltd.",1,0,,
Glaceum,1,0,,
Peptinov SAS,1,0,,
Daiichi Sankyo,1,0,,
"Shanghai Qisheng Biological Preparation Co., Ltd.",1,0,,
4B Technologies Limited,1,0,,
NPO Petrovax,1,0,,
"Xalud Therapeutics, Inc.",1,0,,
KeyBioscience AG,1,0,,
"Akan Biosciences, LLC",1,0,,
Mucos Pharma GmbH & Co. KG,1,0,,
Astellas Pharma Europe B.V.,1,0,,
Eccogene,1,0,,
R3 Medical Research,1,0,,
Sun Pharmaceutical Industries Limited,1,0,,
Frontier Biotechnologies Inc.,1,0,,
Eupraxia Pharmaceuticals Inc.,1,0,Yes - shortlist,"EP-104IAR - extended-release intra-articular steroid, clinical-stage"
CELL Technologies Inc.,1,0,,
OliPass Corporation,1,0,,
BUZZZ Pharmaceuticals Limited,1,0,,
"Jiangsu XinChen-Techfields Pharma Co., LTD.",1,0,,
Lina Xu,1,0,,
Techfields Pharma Co. Ltd,1,0,,
"Orient Europharma Co., Ltd.",1,0,,
SPA Società Prodotti Antibiotici S.p.A.,1,0,,
"MiMedx Group, Inc.",1,0,,
Cytopeutics Sdn. Bhd.,1,0,,
"Meridigen Biotech Co., Ltd.",1,0,,
TRB Chemedica International SA,1,0,,
"Kang Stem Biotech Co., Ltd.",1,0,,
"Gwo Xi Stem Cell Applied Technology Co., Ltd.",1,0,,
Xgene Pharmaceutical Group,1,0,,
Celltex Therapeutics Corporation,1,0,,
StemMedical A/S,1,0,,
"Zogenix, Inc.",1,0,,
Steminent Biotherapeutics Inc.,1,0,,
Exactech,1,0,,
Galderma R&D,1,0,,
BioIntegrate,1,0,,
General Therapeutics,1,0,,
Mylan Pharmaceuticals Private Limited,1,0,,
"Unity Biotechnology, Inc.",1,0,Yes - shortlist,"UBX0101 - senolytic, failed Phase 2 but historically notable; watch for pivots"
AKL Research and Development,1,0,,
Seikagaku Corporation,1,0,,
CARE ARTHRITIS LTD.,1,0,,
Bayer,1,0,,
Regenerative Orthopedics and Sports Medicine,1,0,,
Nektar Therapeutics,1,0,,
Lakefront Biotherapeutics NV,1,0,,
"VIVEX Biologics, Inc.",1,0,,
IBSA Institut Biochimique SA,1,0,,
"Cara Therapeutics, Inc.",1,0,,
Vertex Pharmaceuticals Incorporated,1,0,,
Janssen-Cilag International NV,1,0,,
"Personalized Stem Cells, Inc.",1,0,,
Meluha Life Sciences SDN BHD,1,0,,
"Clinica Santa Clarita, Mexico",1,0,,
"EMD Serono Research & Development Institute, Inc.",1,0,,
Zimmer Biomet,1,0,,
Velico Medical,1,0,,
"TCI Co., Ltd.",1,0,,
EMO Biomedicine Corporation,1,0,,
AbbVie,1,0,,
Swiss Medica XXI Century S.A.,1,0,,
Medivir,1,0,,
Sublimed,1,0,,
Reiley Pharmaceuticals Inc.,1,0,,
"Axsome Therapeutics, Inc.",1,0,,
Lynk Biotechnologies Pte Ltd,1,0,,
"Applied Biologics, LLC",1,0,,
Pierre Fabre Medicament,1,0,,
Prairie Plant Systems Inc.,1,0,,
Biologische Heilmittel Heel GmbH,1,0,,
"Ono Pharmaceutical Co., Ltd.",1,0,,
Thrombotargets Europe S.L,1,0,,
Can-Fite BioPharma,1,0,,
"Janssen Scientific Affairs, LLC",1,0,,
Ageless Regenerative Institute,1,0,,
"Olatec Therapeutics, Inc.",1,0,,
UCB Pharma,1,0,,
"Tedec-Meiji Farma, S.A.",1,0,,
Glenmark Pharmaceuticals Ltd. India,1,0,,
"Shenzhen Hornetcorn Bio-technology Company, LTD",1,0,,
"Bioheart, Inc.",1,0,,
"Ortho-McNeil Janssen Scientific Affairs, LLC",1,0,,
DePuy Mitek,1,0,,
"Charleston Laboratories, Inc",1,0,,
Mundipharma Pharmaceuticals Sdn. Bhd.,1,0,,
Mundipharma Pte Ltd.,1,0,,
Cropper Medical,1,0,,
"AFT Pharmaceuticals, Ltd.",1,0,,
Pain Therapeutics,1,0,,
Proximagen Limited,1,0,,
"Iroko Pharmaceuticals, LLC",1,0,,
Mundipharma (China) Pharmaceutical Co. Ltd,1,0,,
Norpharma A/S,1,0,,
Mundipharma Korea Ltd,1,0,,
"Hisamitsu Pharmaceutical Co., Inc.",1,0,,
XOMA (US) LLC,1,0,,
Akron Molecules AG,1,0,,
"Calosyn Pharma, Inc.",1,0,,
Cephalon,1,0,,
Zalicus,1,0,,
C4Pain,1,0,,
"Janssen-Cilag Ltd.,Thailand",1,0,,
Gebro Pharma GmbH,1,0,,
"Bausch Health Americas, Inc.",1,0,,
"Korea Otsuka Pharmaceutical Co., Ltd.",1,0,,
Procter and Gamble,1,0,,
Johnson & Johnson Consumer and Personal Products Worldwide,1,0,,
Analgesic Solutions,1,0,,
Pharmos,1,0,,
NicOx,1,0,,
Winston Laboratories,1,0,,
ESBATech AG,1,0,,
Takeda,1,0,,
Laboratoires Expanscience S.A.,1,0,,
Cura Biotech LLC,1,0,,
PLx Pharma,1,0,,
Marigot Ltd.,1,0,,
Mundipharma K.K.,1,0,,
Solvay Pharmaceuticals,1,0,,
"NuCare Pharmaceuticals,Inc.",0,1,,
REMEDYREPACK INC.,0,1,,
Organon LLC,0,1,,
Sportpharm LLC,0,1,,
Zyla Life Sciences US LLC,0,1,,
"Chartwell RX, LLC",0,1,,
"Acella Pharmaceuticals, LLC",0,1,,
Zameer Pharmaceuticals LLC,0,1,,
Almatica Pharma LLC,0,1,,
Alvogen Inc.,0,1,,
"SA3, LLC",0,1,,
"Upsher-Smith Laboratories, LLC",0,1,,
"Advanced Rx Pharmacy of Tennessee, LLC",0,1,,
Pfizer Laboratories Div Pfizer Inc,0,1,,
Viatris Specialty LLC,0,1,,
"Avondale Pharmaceuticals, LLC",0,1,,
"Emerald Therapeutics, LLC",0,1,,
"Redmont Pharmaceuticals, LLC",0,1,,
"Pacira Pharmaceuticals, Inc.",0,1,,
"Carwin Pharmaceutical Associates, LLC",0,1,,
"SOLA Pharmaceuticals, LLC",0,1,,
GSK (OTC),0,1,,
various,0,1,,
Mitsubishi Tanabe / Horizon Therapeutics,0,1,,
Horizon Therapeutics,0,1,,
Horizon Therapeutics / Kowa,0,1,,
Cadence / Kye Pharmaceuticals,0,1,,
Pfizer (mostly genericized),0,1,,
Boehringer Ingelheim (mostly genericized),0,1,,
Eli Lilly (mostly genericized),0,1,,
Iroko Pharmaceuticals,0,1,,
